{"text": " Hello there, this is General Obi-Wan Kenobi of the Grand Army of the Republic. I have here with me my Padawan Anakin Skywalker. He's an idiot, don't talk to him. Okay, bye.", "segments": [{"id": 0, "seek": 0, "start": 0.0, "end": 5.0, "text": " Hello there, this is General Obi-Wan Kenobi of the Grand Army of the Republic.", "tokens": [2425, 456, 11, 341, 307, 6996, 48533, 12, 54, 282, 8273, 19293, 295, 264, 6757, 9583, 295, 264, 5564, 13], "temperature": 0.0, "avg_logprob": -0.22119135326809353, "compression_ratio": 1.2285714285714286, "no_speech_prob": 0.12563975155353546}, {"id": 1, "seek": 0, "start": 5.0, "end": 8.0, "text": " I have here with me my Padawan Anakin Skywalker.", "tokens": [286, 362, 510, 365, 385, 452, 430, 1538, 7916, 47218, 49220, 13], "temperature": 0.0, "avg_logprob": -0.22119135326809353, "compression_ratio": 1.2285714285714286, "no_speech_prob": 0.12563975155353546}, {"id": 2, "seek": 800, "start": 8.0, "end": 28.0, "text": " He's an idiot, don't talk to him. Okay, bye.", "tokens": [50364, 634, 311, 364, 14270, 11, 500, 380, 751, 281, 796, 13, 1033, 11, 6543, 13, 51364], "temperature": 0.0, "avg_logprob": -0.2609536912706163, "compression_ratio": 0.8461538461538461, "no_speech_prob": 0.006942883599549532}], "language": "en"}